104.206.225.200,2023-09-06
64.37.52.52,2023-09-06
64.37.52.73,2023-09-06
67.23.254.45,2023-09-06
198.136.54.34,2023-09-06
64.37.52.189,2023-09-06
44.227.76.166,2023-09-06
107.148.200.130,2023-09-06
149.28.247.34,2023-09-06
155.138.159.45,2023-09-06
185.105.1.161,2023-09-06
185.117.73.211,2023-09-06
192.169.6.155,2023-09-06
180.215.218.135,2022-08-04
185.207.155.146,2022-07-28
139.59.247.94,2022-07-18
13.229.3.203,2022-08-18
156.248.153.178,2022-08-17
38.54.23.18,2022-08-19
156.248.153.181,2022-08-17
14.128.35.29,2022-08-07
156.248.153.167,2022-08-05
118.107.25.231,2022-08-22
14.128.35.28,2022-08-07
14.128.35.26,2022-08-11
14.128.35.23,2022-08-04
14.128.35.19,2022-08-04
118.107.45.189,2022-08-09
118.107.45.186,2022-08-09
156.248.153.172,2022-08-11
156.248.153.173,2022-08-17
103.179.243.142,2022-09-14
156.248.153.176,2022-08-22
60.205.0.192,2022-08-19
110.34.181.166,2022-08-22
141.98.168.248,2022-06-15
103.199.17.184,2023-03-21
51.79.230.42,2023-02-03
95.169.24.46,2023-02-15
45.32.149.253,2022-09-22
43.155.60.197,2022-06-14
38.54.33.228,2022-12-02
37.120.222.79,2023-04-28
103.86.45.200,2022-10-06
27.102.66.145,2023-02-03
27.102.128.180,2023-02-03
223.165.4.210,2023-03-25
217.76.106.69,2022-11-10
101.34.59.52,2022-08-31
107.174.247.46,2022-12-26
210.56.59.35,2022-07-11
206.188.197.130,2022-09-14
20.98.106.237,2022-10-05
114.115.141.15,2022-08-03
20.62.112.133,2022-10-05
92.50.68.26,2022-10-17
172.93.189.239,2023-03-25
165.22.250.120,2022-09-22
89.38.225.151,2022-09-05
157.230.242.89,2022-09-28
52.220.121.212,2022-08-18
103.149.26.237,2022-04-12
149.5.209.172,2022-11-09
118.107.45.183,2022-08-09
180.215.218.130,2022-08-04
156.248.153.155,2022-08-08
156.248.153.174,2022-08-22
156.248.153.170,2022-08-09
118.107.45.182,2022-08-09
14.128.35.18,2022-08-04
118.107.45.181,2022-08-09
14.128.35.20,2022-08-04
14.128.35.21,2022-08-04
14.128.35.22,2022-08-04
118.107.45.180,2022-08-09
14.128.35.24,2022-08-04
14.128.35.25,2022-08-04
118.107.45.179,2022-08-09
14.128.35.27,2022-08-04
118.107.45.178,2022-08-09
156.248.153.166,2022-08-09
156.248.153.168,2022-08-09
156.248.153.165,2022-08-08
156.248.153.171,2022-08-22
156.248.153.162,2022-08-09
156.248.153.177,2022-08-22
118.107.45.187,2022-08-09
118.107.45.188,2022-08-09
118.107.45.185,2022-08-09
118.107.45.190,2022-08-09
118.194.254.32,2022-09-23
118.107.45.184,2022-08-09
180.215.218.134,2022-08-04
156.248.153.159,2022-08-09
1.1.2.254,2021-12-24
101.32.223.116,2021-09-12
103.228.111.60,2021-09-22
107.170.109.82,2022-03-28
123.240.229.42,2021-03-25
139.180.194.228,2021-07-09
144.34.213.22,2021-06-17
149.248.14.53,2020-12-19
149.28.158.189,2021-08-20
155.138.241.129,2020-12-14
172.245.186.101,2021-07-30
172.245.81.111,2021-04-15
185.118.166.205,2021-04-15
185.153.199.169,2021-09-10
193.200.130.156,2021-04-15
193.34.166.213,2021-04-15
202.182.123.69,2021-04-13
202.58.105.38,2022-03-11
209.141.51.6,2022-04-13
220.130.228.251,2021-05-04
23.106.124.152,2022-01-07
24.135.255.238,2021-06-08
45.117.103.119,2022-04-20
45.76.177.188,2022-03-16
45.76.206.240,2021-04-13
45.76.52.224,2022-04-06
45.84.0.175,2021-09-29
61.216.99.164,2021-03-26
66.42.39.184,2022-05-11
74.120.172.129,2021-06-17
172.245.8.105,2021-06-09
107.148.146.127,2021-08-20
198.46.202.136,2021-06-11
23.95.9.233,2021-06-22
172.245.162.122,2021-06-09
23.94.7.115,2021-09-16
172.245.162.15,2021-06-29
23.95.227.11,2021-06-09
23.94.183.107,2021-08-06
89.17.61.65,2020-03-24
45.122.138.74,2020-06-10
185.10.68.169,2020-09-14
114.39.188.220,2019-11-26
154.223.175.123,2020-03-02
67.216.209.142,2020-07-17
101.36.120.180,2021-03-23
45.77.11.47,2021-01-18
93.90.74.60,2020-03-24
154.223.175.128,2020-03-23
45.93.16.244,2020-03-24
138.75.60.166,2020-04-10
185.157.78.135,2020-05-27
160.238.86.79,2020-03-24
154.223.179.65,2020-03-23
47.254.123.143,2019-12-10
103.208.35.213,2020-03-24
185.161.209.162,2020-05-20
112.199.171.67,2020-04-10
80.245.105.102,2020-03-24
60.249.2.188,2020-01-29
60.251.65.81,2019-11-22
210.216.41.200,2020-03-24
154.223.179.96,2020-03-23
114.46.235.110,2020-01-29
210.65.10.60,2019-03-08
95.217.1.81,2021-02-05
66.42.59.58,2020-05-19
211.115.93.85,2020-05-07
211.62.228.138,2020-03-24
172.111.188.199,2020-05-06
175.206.7.120,2020-03-24
218.253.251.74,2021-03-12
220.130.216.76,2019-11-26
138.75.171.132,2019-12-08
83.97.20.74,2020-05-22
139.162.117.50,2020-04-10
83.97.20.75,2020-07-17
160.19.50.182,2020-12-08
160.124.140.172,2020-03-24
123.193.78.9,2020-04-10
36.230.111.78,2020-02-13
103.56.115.155,2020-04-10
161.35.76.1,2020-09-22
144.48.125.133,2020-03-23
178.20.41.149,2021-04-23
45.144.29.185,2021-04-23
61.178.77.169,2013-01-15
69.165.64.135,2018-11-22
122.10.90.9,2018-09-04
69.165.64.151,2018-12-07
69.165.64.186,2018-11-22
185.216.116.121,2018-11-20
185.29.8.21,2013-11-12
192.169.82.86,2015-12-10
97.64.41.97,2018-03-27
77.110.221.108,2013-03-01
194.28.191.218,2015-03-27
195.3.157.218,2015-03-27
198.209.212.82,2014-05-20
199.83.230.216,2018-11-02
112.213.96.236,2013-03-25
202.181.24.243,2018-12-07
79.172.242.87,2015-10-21
204.152.219.70,2015-03-06
112.121.182.150,2013-03-28
211.21.23.46,2018-09-20
213.208.129.211,2016-09-01
216.185.114.219,2014-11-20
218.87.243.14,2013-02-20
83.146.222.219,2018-10-31
104.243.34.82,2017-08-11
27.254.41.7,2013-01-11
103.73.161.218,2018-12-17
103.40.101.71,2016-08-08
103.28.46.4,2019-05-06
103.238.227.39,2017-05-12
45.58.122.71,2017-08-17
103.110.80.20,2018-11-01
46.102.152.129,2017-04-12
46.149.18.14,2013-05-14
46.160.125.167,2015-03-27
103.110.80.48,2018-10-23
58.86.56.6,2018-11-22
103.110.80.34,2018-12-07
100.42.217.73,2013-01-18
65.49.206.130,2018-11-22
66.210.97.90,2016-09-25
156.233.24.120,2018-12-07
141.98.212.30,2020-02-26
141.105.71.116,2019-03-28
159.117.79.7,2019-05-06
162.211.84.6,2013-09-03
198.23.200.239,2020-06-15
89.187.161.72,2020-05-15
149.154.159.153,2021-03-23
42.3.63.80,2020-05-15
144.34.206.57,2020-05-15
172.96.186.55,2021-03-23
176.122.149.127,2020-05-15
140.82.23.214,2020-05-18
172.96.238.154,2020-05-15
104.224.185.36,2020-05-15
104.233.224.227,2020-05-15
80.209.233.56,2021-03-23
66.98.126.203,2020-05-18
67.198.130.66,2020-05-15
64.64.234.24,2020-05-15
45.86.163.78,2021-03-23
46.17.63.244,2021-03-23
